{
    "accuracy": 0.558151520357327,
    "precision": 0.5437100213219617,
    "recall": 0.7293215879190024,
    "f1": 0.622984462034594,
    "avg precision": 0.576261919186768,
    "auc": 0.5833325703817581,
    "confusion mat": [
        [
            3372,
            5350
        ],
        [
            2366,
            6375
        ]
    ],
    "norm confusion mat": [
        [
            0.3866085760146755,
            0.6133914239853244
        ],
        [
            0.2706784120809976,
            0.7293215879190024
        ]
    ]
}