{
    "accuracy": 0.9207407407407407,
    "precision": 0.8969252271139063,
    "recall": 0.9507407407407408,
    "f1": 0.9230492628550881,
    "avg precision": 0.9805251849402622,
    "auc": 0.9794334705075446,
    "confusion mat": [
        [
            2405,
            295
        ],
        [
            133,
            2567
        ]
    ],
    "norm confusion mat": [
        [
            0.8907407407407407,
            0.10925925925925926
        ],
        [
            0.04925925925925926,
            0.9507407407407408
        ]
    ]
}