{
    "accuracy": 0.46370370370370373,
    "precision": 0.45940347970173984,
    "recall": 0.41074074074074074,
    "f1": 0.4337113805240516,
    "avg precision": 0.47138982578241273,
    "auc": 0.4797899862825789
}