{
    "accuracy": 0.7337227280535991,
    "precision": 0.7347641455296683,
    "recall": 0.7324104793501888,
    "f1": 0.733585424544517,
    "avg precision": 0.7849081185951019,
    "auc": 0.7989842849726705
}