{
    "accuracy": 0.7922464639523564,
    "precision": 0.788576588779772,
    "recall": 0.7992220569728864,
    "f1": 0.7938636363636363,
    "avg precision": 0.8558992174720498,
    "auc": 0.8697991023019951,
    "confusion mat": [
        [
            6849,
            1873
        ],
        [
            1755,
            6986
        ]
    ],
    "norm confusion mat": [
        [
            0.7852556753038294,
            0.2147443246961706
        ],
        [
            0.2007779430271136,
            0.7992220569728864
        ]
    ]
}