{
    "accuracy": 0.8777777777777778,
    "precision": 0.905727923627685,
    "recall": 0.8433333333333334,
    "f1": 0.8734177215189873,
    "avg precision": 0.9499144307357971,
    "auc": 0.948832304526749,
    "confusion mat": [
        [
            2463,
            237
        ],
        [
            423,
            2277
        ]
    ],
    "norm confusion mat": [
        [
            0.9122222222222223,
            0.08777777777777777
        ],
        [
            0.15666666666666668,
            0.8433333333333334
        ]
    ]
}