{
    "accuracy": 0.824469696969697,
    "precision": 0.8228554198703453,
    "recall": 0.826969696969697,
    "f1": 0.8249074283987002,
    "avg precision": 0.8932700870613394,
    "auc": 0.9002654155188247,
    "confusion mat": [
        [
            5425,
            1175
        ],
        [
            1142,
            5458
        ]
    ],
    "norm confusion mat": [
        [
            0.821969696969697,
            0.17803030303030304
        ],
        [
            0.17303030303030303,
            0.826969696969697
        ]
    ]
}