{
    "accuracy": 0.7979545454545455,
    "precision": 0.8134863701578192,
    "recall": 0.7731818181818182,
    "f1": 0.7928221859706363,
    "avg precision": 0.8724041994992671,
    "auc": 0.8711805211202939,
    "confusion mat": [
        [
            5430,
            1170
        ],
        [
            1497,
            5103
        ]
    ],
    "norm confusion mat": [
        [
            0.8227272727272728,
            0.17727272727272728
        ],
        [
            0.2268181818181818,
            0.7731818181818182
        ]
    ]
}