{
    "accuracy": 0.7699135314665292,
    "precision": 0.7698548737287167,
    "recall": 0.7707356137741677,
    "f1": 0.7702949919963412,
    "avg precision": 0.7678726930063453,
    "auc": 0.8352434820697154,
    "confusion mat": [
        [
            6708,
            2014
        ],
        [
            2004,
            6737
        ]
    ],
    "norm confusion mat": [
        [
            0.7690896583352442,
            0.2309103416647558
        ],
        [
            0.22926438622583228,
            0.7707356137741677
        ]
    ]
}