{
    "accuracy": 0.4533333333333333,
    "precision": 0.45600558659217877,
    "recall": 0.4837037037037037,
    "f1": 0.4694464414090582,
    "avg precision": 0.43980853141513876,
    "auc": 0.44626652949245543,
    "confusion mat": [
        [
            1142,
            1558
        ],
        [
            1394,
            1306
        ]
    ],
    "norm confusion mat": [
        [
            0.422962962962963,
            0.577037037037037
        ],
        [
            0.5162962962962963,
            0.4837037037037037
        ]
    ]
}