{
    "accuracy": 0.7777586898012941,
    "precision": 0.7947598253275109,
    "recall": 0.7495709873012241,
    "f1": 0.7715042684721813,
    "avg precision": 0.8515044303247519,
    "auc": 0.8523085664211606,
    "confusion mat": [
        [
            7030,
            1692
        ],
        [
            2189,
            6552
        ]
    ],
    "norm confusion mat": [
        [
            0.8060077963769777,
            0.19399220362302225
        ],
        [
            0.2504290126987759,
            0.7495709873012241
        ]
    ]
}