{
    "accuracy": 0.8612962962962963,
    "precision": 0.9059508947149396,
    "recall": 0.8062962962962963,
    "f1": 0.8532235939643347,
    "avg precision": 0.9413032761442782,
    "auc": 0.9383671467764061,
    "confusion mat": [
        [
            2474,
            226
        ],
        [
            523,
            2177
        ]
    ],
    "norm confusion mat": [
        [
            0.9162962962962963,
            0.0837037037037037
        ],
        [
            0.1937037037037037,
            0.8062962962962963
        ]
    ]
}