{
    "accuracy": 0.8072727272727273,
    "precision": 0.8252084669660038,
    "recall": 0.7796969696969697,
    "f1": 0.801807416640698,
    "avg precision": 0.8886897407444011,
    "auc": 0.8857305325987145,
    "confusion mat": [
        [
            5510,
            1090
        ],
        [
            1454,
            5146
        ]
    ],
    "norm confusion mat": [
        [
            0.8348484848484848,
            0.16515151515151516
        ],
        [
            0.2203030303030303,
            0.7796969696969697
        ]
    ]
}