{
    "accuracy": 0.8087878787878788,
    "precision": 0.8250398724082935,
    "recall": 0.7837878787878788,
    "f1": 0.8038850038850038,
    "avg precision": 0.8889925297980463,
    "auc": 0.8858891643709825
}