{
    "accuracy": 0.7885185185185185,
    "precision": 0.8088818398096749,
    "recall": 0.7555555555555555,
    "f1": 0.7813098429720413,
    "avg precision": 0.8858798121010951,
    "auc": 0.8767902606310014
}