{
    "accuracy": 0.7563636363636363,
    "precision": 0.7591911764705882,
    "recall": 0.7509090909090909,
    "f1": 0.7550274223034735,
    "avg precision": 0.8278750729441567,
    "auc": 0.8271253558310376
}