{
    "accuracy": 0.7132575757575758,
    "precision": 0.7085494147281078,
    "recall": 0.7245454545454545,
    "f1": 0.7164581616600495,
    "avg precision": 0.7001056816782535,
    "auc": 0.7739321395775941,
    "confusion mat": [
        [
            4633,
            1967
        ],
        [
            1818,
            4782
        ]
    ],
    "norm confusion mat": [
        [
            0.701969696969697,
            0.29803030303030303
        ],
        [
            0.27545454545454545,
            0.7245454545454545
        ]
    ]
}