{
    "accuracy": 0.6862121212121212,
    "precision": 0.6723219293325855,
    "recall": 0.7265151515151516,
    "f1": 0.6983687736673464,
    "avg precision": 0.7357350216689702,
    "auc": 0.7523263314967861
}