{
    "accuracy": 0.8081818181818182,
    "precision": 0.8139857980858289,
    "recall": 0.798939393939394,
    "f1": 0.8063924147423154,
    "avg precision": 0.8987740967688496,
    "auc": 0.8935827479338843
}