{
    "accuracy": 0.7456908893088243,
    "precision": 0.7542573320719016,
    "recall": 0.7296647980780231,
    "f1": 0.741757283247078,
    "avg precision": 0.7483417077698244,
    "auc": 0.8178089936172039
}