{
    "accuracy": 0.6334848484848485,
    "precision": 0.6029205607476635,
    "recall": 0.781969696969697,
    "f1": 0.6808707124010555,
    "avg precision": 0.7040267743276666,
    "auc": 0.7026494834710744,
    "confusion mat": [
        [
            3201,
            3399
        ],
        [
            1439,
            5161
        ]
    ],
    "norm confusion mat": [
        [
            0.485,
            0.515
        ],
        [
            0.21803030303030302,
            0.781969696969697
        ]
    ]
}