{
    "accuracy": 0.5338716142701713,
    "precision": 0.5380139152435167,
    "recall": 0.4865576021050223,
    "f1": 0.5109936321038088,
    "avg precision": 0.5579463961617317,
    "auc": 0.5587166723404905
}