{
    "accuracy": 0.6997727272727273,
    "precision": 0.7078014184397163,
    "recall": 0.6804545454545454,
    "f1": 0.6938586326767091,
    "avg precision": 0.6999654052982163,
    "auc": 0.7666069788797062
}