{
    "accuracy": 0.6074242424242424,
    "precision": 0.6160392798690671,
    "recall": 0.5703030303030303,
    "f1": 0.5922895357985838,
    "avg precision": 0.6836393133311287,
    "auc": 0.6684912419651057
}