{
    "accuracy": 0.8746296296296296,
    "precision": 0.8809792843691149,
    "recall": 0.8662962962962963,
    "f1": 0.8735760971055089,
    "avg precision": 0.9538290920013668,
    "auc": 0.9495499314128943
}