{
    "accuracy": 0.84,
    "precision": 0.8863636363636364,
    "recall": 0.78,
    "f1": 0.8297872340425532,
    "avg precision": 0.944661082959197,
    "auc": 0.9372
}