{
    "accuracy": 0.8016666666666666,
    "precision": 0.8117757594738491,
    "recall": 0.7854545454545454,
    "f1": 0.7983982750654551,
    "avg precision": 0.88387675169131,
    "auc": 0.8824657139577595
}