{
    "accuracy": 0.7656818181818181,
    "precision": 0.7629329734592892,
    "recall": 0.7709090909090909,
    "f1": 0.7669002939181551,
    "avg precision": 0.8298736629346302,
    "auc": 0.8389687442607897
}