{
    "accuracy": 0.7918939393939394,
    "precision": 0.820069779033062,
    "recall": 0.7478787878787879,
    "f1": 0.7823123860844758,
    "avg precision": 0.8710375244995471,
    "auc": 0.8701372245179063,
    "confusion mat": [
        [
            5517,
            1083
        ],
        [
            1664,
            4936
        ]
    ],
    "norm confusion mat": [
        [
            0.8359090909090909,
            0.1640909090909091
        ],
        [
            0.25212121212121213,
            0.7478787878787879
        ]
    ]
}